id,title,description,availability,condition,price,link,image_link,brand,mpn,year,mileage,body_style,fuel_type,transmission
FA001,DR EVO5 1.6 GPL,"DR EVO5 1.6 GPL. Disponibile presso Ferrara Automobili, Via Barletta 275, Trani (BT). Alimentazione: GPL. Cambio: Manuale. Chilometraggio: 34000 km.",in stock,used,11490.00 EUR,https://www.autoscout24.it/annunci/dr-automobiles-dr-evo5-1-6-gpl-gpl-bianco-cat_ma16383mo74733-bef1c232-5c12-4ca7-99c4-861b180bf455,https://prod.pictures.autoscout24.net/listing-images/bef1c232-5c12-4ca7-99c4-861b180bf455_f56d89f3-abec-41d4-bc4a-e5c73c13251d.jpg/1920x1080.webp,DR,FA001,2020,34000 km,SUV,OTHER,MANUAL
FA002,DR6.0 1.5 Turbo GPL 149 CV CVT,"DR6.0 1.5 Turbo GPL 149 CV CVT. Disponibile presso Ferrara Automobili, Via Barletta 275, Trani (BT). Alimentazione: GPL. Cambio: Automatico. Chilometraggio: 46924 km.",in stock,used,18900.00 EUR,https://www.autoscout24.it/annunci/dr-automobiles-dr6-0-1-5-turbo-gpl-149cv-cvt-gpl-nero-cat_ma16383mo76226-eb6e1075-d86a-4786-b4ec-3ee49f9f33f2,https://prod.pictures.autoscout24.net/listing-images/eb6e1075-d86a-4786-b4ec-3ee49f9f33f2_67f069c7-a786-4296-96e3-53384d7c86a5.jpg/1920x1080.webp,DR,FA002,2023,46924 km,SUV,OTHER,AUTOMATICO
FA003,EVO5 1.5 Turbo GPL 120 CV,"EVO5 1.5 Turbo GPL 120 CV. Disponibile presso Ferrara Automobili, Via Barletta 275, Trani (BT). Alimentazione: GPL. Cambio: Manuale. Chilometraggio: 0 km.",in stock,new,16900.00 EUR,https://www.autoscout24.it/annunci/evo-evo5-1-5-turbo-gpl-120cv-gpl-rosso-cat_ma51831mo75618-c7d97d2d-c156-423a-81f7-9444b899b164,https://prod.pictures.autoscout24.net/listing-images/c7d97d2d-c156-423a-81f7-9444b899b164_be881afa-b5da-44b5-967e-90016576d9ae.jpg/1920x1080.webp,EVO,FA003,2026,0 km,SUV,OTHER,MANUAL
FA004,Opel Mokka 1.4 Turbo Cosmo GPL-Tech 140 CV,"Opel Mokka 1.4 Turbo Cosmo GPL-Tech 140 CV. Disponibile presso Ferrara Automobili, Via Barletta 275, Trani (BT). Alimentazione: GPL. Cambio: Manuale. Chilometraggio: 194970 km.",in stock,used,6800.00 EUR,https://www.autoscout24.it/annunci/opel-mokka-1-4-t-cosmo-gpl-tech-4x2-140cv-e6-gpl-bianco-cat_ma54mo20148-1d3975b1-b150-4f5e-afcb-43125847c1e6,https://prod.pictures.autoscout24.net/listing-images/1d3975b1-b150-4f5e-afcb-43125847c1e6_5cccd869-f8eb-4b1b-9f30-586e5ba30caa.png/1920x1080.webp,Opel,FA004,2015,194970 km,SUV,OTHER,MANUAL
FA005,Jeep Compass 1.6 MJT Longitude 2WD 120 CV,"Jeep Compass 1.6 MJT Longitude 2WD 120 CV. Disponibile presso Ferrara Automobili, Via Barletta 275, Trani (BT). Alimentazione: Diesel. Cambio: Manuale. Chilometraggio: 149000 km.",in stock,used,11990.00 EUR,https://www.autoscout24.it/annunci/jeep-compass-compass-1-6-mjt-longitude-2wd-120cv-diesel-nero-cat_ma38mo18967-f5826a07-dc08-48d6-b2b6-471b639f49a9,https://prod.pictures.autoscout24.net/listing-images/f5826a07-dc08-48d6-b2b6-471b639f49a9_0acb374a-5f5e-4edd-bd03-31ae57123320.jpg/1920x1080.webp,Jeep,FA005,2018,149000 km,SUV,DIESEL,MANUAL
FA006,Opel Corsa 1.5 Elegance S&S 100 CV,"Opel Corsa 1.5 Elegance S&S 100 CV. Disponibile presso Ferrara Automobili, Via Barletta 275, Trani (BT). Alimentazione: Diesel. Cambio: Manuale. Chilometraggio: 24972 km.",in stock,used,12990.00 EUR,https://www.autoscout24.it/annunci/opel-corsa-corsa-1-5-elegance-ss-100cv-diesel-blu-azzurro-cat_ma54mo1918-8d6f4d79-128a-4e33-88ea-e8c3e7b224d4,https://prod.pictures.autoscout24.net/listing-images/8d6f4d79-128a-4e33-88ea-e8c3e7b224d4_f9c6aa3c-e019-4877-8de1-fde234b9b139.jpg/1920x1080.webp,Opel,FA006,2023,24972 km,HATCHBACK,DIESEL,MANUAL
FA007,Fiat Tipo 5p 1.3 MJT City Life S&S 95 CV,"Fiat Tipo 5p 1.3 MJT City Life S&S 95 CV. Disponibile presso Ferrara Automobili, Via Barletta 275, Trani (BT). Alimentazione: Diesel. Cambio: Manuale. Chilometraggio: 55714 km.",in stock,used,12000.00 EUR,https://www.autoscout24.it/annunci/fiat-tipo-tipo-5p-1-3-mjt-city-life-ss-95cv-diesel-grigio-cat_ma28mo1752-d8ef7098-6f32-4a31-a8e1-e54f34d052ad,https://prod.pictures.autoscout24.net/listing-images/d8ef7098-6f32-4a31-a8e1-e54f34d052ad_82826d64-803e-45b3-afb0-48b538619f7d.jpg/1920x1080.webp,Fiat,FA007,2022,55714 km,HATCHBACK,DIESEL,MANUAL
FA008,MG HS 1.5 T-GDI Luxury,"MG HS 1.5 T-GDI Luxury. Disponibile presso Ferrara Automobili, Via Barletta 275, Trani (BT). Alimentazione: Benzina. Cambio: Manuale. Chilometraggio: 68281 km.",in stock,used,15490.00 EUR,https://www.autoscout24.it/annunci/mg-hs-1-5-t-gdi-luxury-benzina-grigio-cat_ma48mo76350-7fea1956-b7a3-4a64-b9bb-86c6f357f9d9,https://prod.pictures.autoscout24.net/listing-images/7fea1956-b7a3-4a64-b9bb-86c6f357f9d9_417913e3-301a-4b8a-9bd0-40de53cc48fc.png/1920x1080.webp,MG,FA008,2023,68281 km,SUV,GASOLINE,MANUAL
FA009,DR5.0 1.5 GPL 114 CV,"DR5.0 1.5 GPL 114 CV. Disponibile presso Ferrara Automobili, Via Barletta 275, Trani (BT). Alimentazione: GPL. Cambio: Manuale. Chilometraggio: 1 km.",in stock,new,16900.00 EUR,https://www.autoscout24.it/annunci/dr-automobiles-dr5-0-1-5-gpl-114cv-gpl-grigio-cat_ma16383mo75551-b82192ef-4e29-4066-96fb-068c23ec55af,https://prod.pictures.autoscout24.net/listing-images/b82192ef-4e29-4066-96fb-068c23ec55af_62ab3bc4-cc6a-48d4-bb39-0d446f9db43d.jpg/1920x1080.webp,DR,FA009,2023,1 km,SUV,OTHER,MANUAL
FA010,Ford Fiesta 5p 1.0 Titanium 80 CV,"Ford Fiesta 5p 1.0 Titanium 80 CV. Disponibile presso Ferrara Automobili, Via Barletta 275, Trani (BT). Alimentazione: Benzina. Cambio: Manuale. Chilometraggio: 203000 km.",in stock,used,4500.00 EUR,https://www.autoscout24.it/annunci/ford-fiesta-fiesta-5p-1-0-titanium-80cv-benzina-nero-cat_ma29mo1758-cb2b77e0-fd0f-489c-9050-511d4195cf2e,https://prod.pictures.autoscout24.net/listing-images/cb2b77e0-fd0f-489c-9050-511d4195cf2e_03b98b29-3f8a-4bbf-bcf4-f7b9c7734c44.jpg/1920x1080.webp,Ford,FA010,2013,203000 km,HATCHBACK,GASOLINE,MANUAL
FA011,Fiat 500X 2022 1.3 MJT Club 95 CV,"Fiat 500X 2022 1.3 MJT Club 95 CV. Disponibile presso Ferrara Automobili, Via Barletta 275, Trani (BT). Alimentazione: Diesel. Cambio: Manuale. Chilometraggio: 104000 km.",in stock,used,12500.00 EUR,https://www.autoscout24.it/annunci/fiat-500x-500x-2022-1-3-mjet-club-95cv-diesel-nero-cat_ma28mo20628-d2cf0dc8-d23d-4a0b-a2e6-8d86b211d2a2,https://prod.pictures.autoscout24.net/listing-images/d2cf0dc8-d23d-4a0b-a2e6-8d86b211d2a2_2f257af9-f860-4c47-a126-8683ee4198a4.jpg/1920x1080.webp,Fiat,FA011,2022,104000 km,CROSSOVER,DIESEL,MANUAL
FA012,DR5.0 1.5 Comfort 95 CV CVT,"DR5.0 1.5 Comfort 95 CV CVT. Disponibile presso Ferrara Automobili, Via Barletta 275, Trani (BT). Alimentazione: GPL. Cambio: Automatico. Chilometraggio: 1 km.",in stock,new,21900.00 EUR,https://www.autoscout24.it/annunci/dr-automobiles-dr5-0-1-5-comfort-95cv-cvt-gpl-grigio-cat_ma16383mo75551-4b0bcb10-1ac1-446f-b6e4-574f725b40fb,https://prod.pictures.autoscout24.net/listing-images/4b0bcb10-1ac1-446f-b6e4-574f725b40fb_d9da6505-204b-46b6-b5be-ae8e44725e72.jpg/1920x1080.webp,DR,FA012,2026,1 km,SUV,OTHER,AUTOMATICO
FA013,DR5 1.5 MT Benzina/GPL 95 CV,"DR5 1.5 MT Benzina/GPL 95 CV. Disponibile presso Ferrara Automobili, Via Barletta 275, Trani (BT). Alimentazione: GPL. Cambio: Manuale. Chilometraggio: 0 km.",in stock,new,21100.00 EUR,https://www.autoscout24.it/annunci/dr-automobiles-dr5-dr-5-1-5-mt-benzina-gpl-95-cv-gpl-grigio-cat_ma16383mo19231-e5dfe51d-4e81-4357-bcaf-876beca9e8e6,https://prod.pictures.autoscout24.net/listing-images/e5dfe51d-4e81-4357-bcaf-876beca9e8e6_92ebe442-cd54-41e5-9e8e-892af35b3b27.jpg/1920x1080.webp,DR,FA013,2026,0 km,SUV,OTHER,MANUAL
FA014,DR PK8 2.0 Turbo Diesel 4x4 136 CV,"DR PK8 2.0 Turbo Diesel 4x4 136 CV. Disponibile presso Ferrara Automobili, Via Barletta 275, Trani (BT). Alimentazione: Diesel. Cambio: Manuale. Chilometraggio: 78000 km.",in stock,used,19900.00 EUR,https://www.autoscout24.it/annunci/dr-automobiles-pk8-pk8-2-0-turbo-diesel-4x4-136cv-diesel-bianco-cat_ma16383mo76486-c9a10233-9aae-4841-9a16-4909734cfff7,https://prod.pictures.autoscout24.net/listing-images/c9a10233-9aae-4841-9a16-4909734cfff7_f65a1384-6436-4d0c-9e10-16f5cf4319da.jpg/1920x1080.webp,DR,FA014,2023,78000 km,PICKUP,DIESEL,MANUAL
FA015,Fiat 500X 1.3 MultiJet 95 CV Euro 6,"Fiat 500X 1.3 MultiJet 95 CV Euro 6. Disponibile presso Ferrara Automobili, Via Barletta 275, Trani (BT). Alimentazione: Diesel. Cambio: Manuale. Chilometraggio: 73000 km.",in stock,used,13500.00 EUR,https://www.autoscout24.it/annunci/fiat-500x-500x-1-3-multijet-95cv-euro-6-diesel-blu-azzurro-cat_ma28mo20628-4b713054-9db3-4923-af3e-fc071c7a429f,https://prod.pictures.autoscout24.net/listing-images/4b713054-9db3-4923-af3e-fc071c7a429f_8b44b12b-57d4-4120-8e1b-379649dc7ee7.jpg/1920x1080.webp,Fiat,FA015,2022,73000 km,CROSSOVER,DIESEL,MANUAL
FA016,EVO Spazio 1.5 Turbo GPL 174 CV DCT 5 posti,"EVO Spazio 1.5 Turbo GPL 174 CV DCT 5 posti. Disponibile presso Ferrara Automobili, Via Barletta 275, Trani (BT). Alimentazione: GPL. Cambio: Automatico. Chilometraggio: 1 km.",in stock,new,28900.00 EUR,https://www.autoscout24.it/annunci/evo-spazio-evo-spazio-1-5-turbo-gpl-174cv-dct-5-posti-gpl-bianco-cat_ma51831mo79341-70b4ec0d-c477-4a61-8c20-968df233fec6,https://prod.pictures.autoscout24.net/listing-images/70b4ec0d-c477-4a61-8c20-968df233fec6_1bdfeaf6-78fd-4d21-8848-f39a1eed7ecf.jpg/1920x1080.webp,EVO,FA016,2026,1 km,SUV,OTHER,AUTOMATICO
FA017,DR6 TGDI Collection GPL,"DR6 TGDI Collection GPL. Disponibile presso Ferrara Automobili, Via Barletta 275, Trani (BT). Alimentazione: GPL. Cambio: Automatico. Chilometraggio: 0 km.",in stock,new,30900.00 EUR,https://www.autoscout24.it/annunci/dr-automobiles-dr6-dr-6-tgdi-collection-gpl-gpl-bianco-cat_ma16383mo74732-d100f164-cd4d-4f0a-ae87-ae6429f63a16,https://prod.pictures.autoscout24.net/listing-images/d100f164-cd4d-4f0a-ae87-ae6429f63a16_99f0ffa4-27b6-4e8c-82c5-b50fa735f5c2.png/1920x1080.webp,DR,FA017,2026,0 km,SUV,OTHER,AUTOMATICO
FA018,EVO6 1.5 HEV S1 DHT,"EVO6 1.5 HEV S1 DHT. Disponibile presso Ferrara Automobili, Via Barletta 275, Trani (BT). Alimentazione: Elettrica/Benzina. Cambio: Automatico. Chilometraggio: 10 km.",in stock,new,30400.00 EUR,https://www.autoscout24.it/annunci/evo-evo6-1-5-hev-s1-dht-elettrica-benzina-bianco-cat_ma51831mo75619-7ae13be1-be3a-4866-a1c3-11f75b57a47b,https://prod.pictures.autoscout24.net/listing-images/7ae13be1-be3a-4866-a1c3-11f75b57a47b_554eabc9-a444-42ba-a0c4-a1d3a5c2cdfd.jpg/1920x1080.webp,EVO,FA018,2026,10 km,SUV,HYBRID,AUTOMATICO
FA019,DR5.0 1.5 GPL 114 CV,"DR5.0 1.5 GPL 114 CV. Disponibile presso Ferrara Automobili, Via Barletta 275, Trani (BT). Alimentazione: GPL. Cambio: Manuale. Chilometraggio: 1 km.",in stock,new,16900.00 EUR,https://www.autoscout24.it/annunci/dr-automobiles-dr5-0-1-5-gpl-114cv-gpl-nero-cat_ma16383mo75551-8bd2cdd5-2d90-4b55-8210-73a0f045ce2c,https://prod.pictures.autoscout24.net/listing-images/8bd2cdd5-2d90-4b55-8210-73a0f045ce2c_c44b3fef-8fcc-439e-9560-5c63eeae81a6.png/1920x1080.webp,DR,FA019,2023,1 km,SUV,OTHER,MANUAL
FA020,DR5.0 1.5 MT Collection GPL,"DR5.0 1.5 MT Collection GPL. Disponibile presso Ferrara Automobili, Via Barletta 275, Trani (BT). Alimentazione: GPL. Cambio: Manuale. Chilometraggio: 0 km.",in stock,new,21900.00 EUR,https://www.autoscout24.it/annunci/dr-automobiles-dr5-0-dr-5-1-5-mt-collection-gpl-grigio-cat_ma16383mo75551-22acbc45-2367-4e61-bbb3-9e259251204b,https://prod.pictures.autoscout24.net/listing-images/22acbc45-2367-4e61-bbb3-9e259251204b_c25a6994-fcc9-4177-b703-b6aacf17bba4.jpg/1920x1080.webp,DR,FA020,2026,0 km,SUV,OTHER,MANUAL
FA021,Ford Fiesta VII 5p 1.5 EcoBlue TDCi Business High 85 CV,"Ford Fiesta VII 5p 1.5 EcoBlue TDCi Business High 85 CV. Disponibile presso Ferrara Automobili, Via Barletta 275, Trani (BT). Alimentazione: Diesel. Cambio: Manuale. Chilometraggio: 92000 km.",in stock,used,9990.00 EUR,https://www.autoscout24.it/annunci/ford-fiesta-fiesta-vii-5p-1-5-ecoblue-tdci-business-high-85cv-diesel-grigio-cat_ma29mo1758-f9639b02-b372-4c7d-8811-c9c812a68cda,https://prod.pictures.autoscout24.net/listing-images/f9639b02-b372-4c7d-8811-c9c812a68cda_4fd4c1c9-dca1-4722-860c-ec6d3e087d0e.jpg/1920x1080.webp,Ford,FA021,2019,92000 km,HATCHBACK,DIESEL,MANUAL
FA022,DR6 PHEV,"DR6 PHEV. Disponibile presso Ferrara Automobili, Via Barletta 275, Trani (BT). Alimentazione: Elettrica/Benzina. Cambio: Automatico. Chilometraggio: 0 km.",in stock,new,28900.00 EUR,https://www.autoscout24.it/annunci/dr-automobiles-dr6-dr-6-phev-elettrica-benzina-grigio-cat_ma16383mo74732-bc07b8e4-358c-4728-aca4-4dfad9d0eb3c,https://prod.pictures.autoscout24.net/listing-images/bc07b8e4-358c-4728-aca4-4dfad9d0eb3c_015afdcf-5172-4426-8a01-a3adadf7b041.png/1920x1080.webp,DR,FA022,2026,0 km,SUV,HYBRID,AUTOMATICO
FA023,EVO6 1.5 Turbo GPL Special Edition 167 CV DCT KM0,"EVO6 1.5 Turbo GPL Special Edition 167 CV DCT KM0. Disponibile presso Ferrara Automobili, Via Barletta 275, Trani (BT). Alimentazione: GPL. Cambio: Automatico. Chilometraggio: 0 km.",in stock,new,28900.00 EUR,https://www.autoscout24.it/annunci/evo-evo6-evo-6-1-5-turbo-gpl-special-edition-167cv-dct-km0-gpl-bianco-cat_ma51831mo75619-e1c727c7-f997-4ef0-a03c-49653d52143e,https://prod.pictures.autoscout24.net/listing-images/e1c727c7-f997-4ef0-a03c-49653d52143e_00e7e263-e911-4a8b-b7c1-d623a233307f.jpg/1920x1080.webp,EVO,FA023,2026,0 km,SUV,OTHER,AUTOMATICO
FA024,MG ZS 1.0 Luxury,"MG ZS 1.0 Luxury. Disponibile presso Ferrara Automobili, Via Barletta 275, Trani (BT). Alimentazione: Benzina. Cambio: Manuale. Chilometraggio: 38540 km.",in stock,used,13490.00 EUR,https://www.autoscout24.it/annunci/mg-zs-1-0-luxury-benzina-rosso-cat_ma48mo16578-01e62eba-f310-4a1e-a94d-bf901b3908a3,https://prod.pictures.autoscout24.net/listing-images/01e62eba-f310-4a1e-a94d-bf901b3908a3_df3fd2ad-9aac-4b20-b49d-75e5965f0746.jpg/1920x1080.webp,MG,FA024,2023,38540 km,SUV,GASOLINE,MANUAL
FA025,DR5 1.5 Full Hybrid 299 CV DHT,"DR5 1.5 Full Hybrid 299 CV DHT. Disponibile presso Ferrara Automobili, Via Barletta 275, Trani (BT). Alimentazione: Elettrica/Benzina. Cambio: Automatico. Chilometraggio: 0 km.",in stock,new,22900.00 EUR,https://www.autoscout24.it/annunci/dr-automobiles-dr5-dr-5-1-5-full-hybrid-299cv-dht-elettrica-benzina-nero-cat_ma16383mo19231-1b0abef0-c644-4dcd-924d-e6eb4aecc2a4,https://prod.pictures.autoscout24.net/listing-images/1b0abef0-c644-4dcd-924d-e6eb4aecc2a4_c33e1645-aab9-4493-aa09-a8d1cfaf5be0.jpg/1920x1080.webp,DR,FA025,2026,0 km,SUV,HYBRID,AUTOMATICO
FA026,EVO6 1.5 TGDI S1 GPL,"EVO6 1.5 TGDI S1 GPL. Disponibile presso Ferrara Automobili, Via Barletta 275, Trani (BT). Alimentazione: GPL. Cambio: Automatico. Chilometraggio: 0 km.",in stock,new,27900.00 EUR,https://www.autoscout24.it/annunci/evo-evo6-evo-6-1-5-tgdi-s1-gpl-gpl-blu-azzurro-cat_ma51831mo75619-430edf71-738e-4102-b76c-f20349656e0e,https://prod.pictures.autoscout24.net/listing-images/430edf71-738e-4102-b76c-f20349656e0e_80f83042-6f32-45ae-b6a0-7d9a1c925539.jpg/1920x1080.webp,EVO,FA026,2026,0 km,SUV,OTHER,AUTOMATICO
FA027,Lancia Ypsilon 1.0 FireFly Hybrid Alberta Ferretti S&S 70 CV,"Lancia Ypsilon 1.0 FireFly Hybrid Alberta Ferretti S&S 70 CV. Disponibile presso Ferrara Automobili, Via Barletta 275, Trani (BT). Alimentazione: Elettrica/Benzina. Cambio: Manuale. Chilometraggio: 54587 km.",in stock,used,11500.00 EUR,https://www.autoscout24.it/annunci/lancia-ypsilon-1-0-firefly-hybrid-alberta-ferretti-ss-70cv-5p-ti-elettrica-benzina-blu-azzurro-cat_ma42mo18393-1b413fab-63e9-4abc-a3c4-5c81240f01de,https://prod.pictures.autoscout24.net/listing-images/1b413fab-63e9-4abc-a3c4-5c81240f01de_f854dcb4-3fd1-4890-865f-a6069a063cc5.png/1920x1080.webp,Lancia,FA027,2023,54587 km,HATCHBACK,HYBRID,MANUAL
FA028,DR5 1.5 Full Hybrid 299 CV DHT,"DR5 1.5 Full Hybrid 299 CV DHT. Disponibile presso Ferrara Automobili, Via Barletta 275, Trani (BT). Alimentazione: Elettrica/Benzina. Cambio: Automatico. Chilometraggio: 0 km.",in stock,new,22900.00 EUR,https://www.autoscout24.it/annunci/dr-automobiles-dr5-dr-5-1-5-full-hybrid-299cv-dht-elettrica-benzina-nero-cat_ma16383mo19231-26be9920-565b-4b42-9c59-0e8dbf5870fc,https://prod.pictures.autoscout24.net/listing-images/26be9920-565b-4b42-9c59-0e8dbf5870fc_0ccdd985-0d11-432e-866a-0ae58a4c853c.png/1920x1080.webp,DR,FA028,2026,0 km,SUV,HYBRID,AUTOMATICO
FA029,Ford Puma 1.0 EcoBoost Hybrid ST-Line X S&S 125 CV,"Ford Puma 1.0 EcoBoost Hybrid ST-Line X S&S 125 CV. Disponibile presso Ferrara Automobili, Via Barletta 275, Trani (BT). Alimentazione: Elettrica/Benzina. Cambio: Manuale. Chilometraggio: 44000 km.",in stock,used,16400.00 EUR,https://www.autoscout24.it/annunci/ford-puma-1-0-ecoboost-h-st-line-x-ss-125cv-elettrica-benzina-blu-azzurro-cat_ma29mo14803-eb3f3315-0f87-42a5-9e96-3fe8a6ea5ecf,https://prod.pictures.autoscout24.net/listing-images/eb3f3315-0f87-42a5-9e96-3fe8a6ea5ecf_4db479c5-f162-4e9c-8777-4d514ce4927d.jpg/1920x1080.webp,Ford,FA029,2024,44000 km,CROSSOVER,HYBRID,MANUAL
